Time,Prey,Predator
0.000000000000000000e+00,6.700000000000000000e+01,6.900000000000000000e+01
2.002002002002002123e-01,1.542480533202873438e+01,8.809359389994536116e+01
4.004004004004004247e-01,3.667116708434993821e+00,7.356035607197767945e+01
6.006006006006006093e-01,1.226046777841275137e+00,5.627918211222575451e+01
8.008008008008008494e-01,5.622157435517017854e-01,4.220398703655622086e+01
1.001001001001001089e+00,3.302277976562921769e-01,3.145773684969321948e+01
1.201201201201201219e+00,2.338849124370994959e-01,2.339406514214958221e+01
1.401401401401401570e+00,1.905347979880826770e-01,1.738009618405855150e+01
1.601601601601601699e+00,1.722724962371490476e-01,1.290644284038130607e+01
1.801801801801801828e+00,1.683100360172176957e-01,9.582792391919944919e+00
2.002002002002002179e+00,1.741794865802152592e-01,7.115170401883355922e+00
2.202202202202202308e+00,1.881205630383877836e-01,5.283766699931804922e+00
2.402402402402402437e+00,2.097216005079792223e-01,3.924802604763806269e+00
2.602602602602602566e+00,2.393677681245203748e-01,2.916478083472632044e+00
2.802802802802803139e+00,2.780148260201671384e-01,2.168311269664014773e+00
3.003003003003003268e+00,3.271105582752675822e-01,1.613131240051822735e+00
3.203203203203203397e+00,3.885930238045757767e-01,1.201094341396266030e+00
3.403403403403403527e+00,4.649362743912830997e-01,8.952254375199008019e-01
3.603603603603603656e+00,5.592318760944677836e-01,6.681011265058320880e-01
3.803803803803804229e+00,6.753029026148672509e-01,4.993851091347323301e-01
4.004004004004004358e+00,8.178515999145804516e-01,3.739980776904329174e-01
4.204204204204204487e+00,9.926448398917981919e-01,2.807594449056779462e-01
4.404404404404404616e+00,1.206743800020830149e+00,2.113796219000932675e-01
4.604604604604604745e+00,1.468786508740686614e+00,1.597125798833952670e-01
4.804804804804804874e+00,1.789334252656976210e+00,1.212015905946774580e-01
5.005005005005005003e+00,2.181295534874880815e+00,9.246830537490118018e-02
5.205205205205205132e+00,2.660444456595972174e+00,7.100815898058562836e-02
5.405405405405406150e+00,3.246054219972890564e+00,5.496467581139127812e-02
5.605605605605606279e+00,3.961671067964490867e+00,4.296230854391022008e-02
5.805805805805806408e+00,4.836059565683016537e+00,3.398274617907079409e-02
6.006006006006006537e+00,5.904356976183262162e+00,2.727359282834484339e-02
6.206206206206206666e+00,7.209482652206759212e+00,2.228122126005981432e-02
6.406406406406406795e+00,8.803858351145057881e+00,1.860192780242254929e-02
6.606606606606606924e+00,1.075150729834396301e+01,1.594730286711257272e-02
6.806806806806807053e+00,1.313061382694357349e+01,1.412137791966323538e-02
7.007007007007007182e+00,1.603664154988576129e+01,1.300893770531563048e-02
7.207207207207207311e+00,1.958612567576934183e+01,1.257722986990706705e-02
7.407407407407407440e+00,2.392126990526889330e+01,1.289884392704205261e-02
7.607607607607608458e+00,2.921548244044063480e+01,1.421702496659886170e-02
7.807807807807808587e+00,3.567994632848701997e+01,1.711114409682226029e-02
8.008008008008008716e+00,4.357113677413414621e+01,2.292993330282288092e-02
8.208208208208208845e+00,5.319850457385236808e+01,3.503170929168754333e-02
8.408408408408408974e+00,6.492883968929419325e+01,6.279740599491191733e-02
8.608608608608609103e+00,7.917202955866478931e+01,1.367358046583302955e-01
8.808808808808809232e+00,9.627243752938063892e+01,3.766179228788081312e-01
9.009009009009009361e+00,1.158568080766784476e+02,1.368527599499857139e+00
9.209209209209209490e+00,1.325745847829196578e+02,6.628533775002671824e+00
9.409409409409409619e+00,1.148607361482293072e+02,3.415895831862902554e+01
9.609609609609609748e+00,4.195659833620019441e+01,8.255521645005107700e+01
9.809809809809809877e+00,8.998112865141004946e+00,8.440087108504597779e+01
1.001001001001001001e+01,2.396092348592584464e+00,6.723020059225099487e+01
1.021021021021021014e+01,9.019580650363008267e-01,5.091593781322652035e+01
1.041041041041041026e+01,4.547438419611191662e-01,3.807182720118856878e+01
1.061061061061061039e+01,2.870656783394433531e-01,2.834808617349439075e+01
1.081081081081081230e+01,2.145976294289048958e-01,2.107218888708996474e+01
1.101101101101101243e+01,1.820034827331120653e-01,1.565198722288532807e+01
1.121121121121121256e+01,1.695597198891997393e-01,1.162221326012475409e+01
1.141141141141141269e+01,1.693848535241175846e-01,8.629183436327270584e+00
1.161161161161161282e+01,1.782097180842524276e-01,6.407370423105925639e+00
1.181181181181181294e+01,1.948460829928355398e-01,4.758534995412589730e+00
1.201201201201201307e+01,2.192031935515258989e-01,3.535087743669109717e+00
1.221221221221221320e+01,2.518830497177141359e-01,2.627317846895367293e+00
1.241241241241241333e+01,2.940187012150604073e-01,1.953746531010637000e+00
1.261261261261261346e+01,3.472279022531112314e-01,1.453897137563200381e+00
1.281281281281281359e+01,4.136302107005747630e-01,1.082898709869838161e+00
1.301301301301301372e+01,4.959060918787730476e-01,8.074676492804705452e-01
1.321321321321321385e+01,5.973899638208759466e-01,6.029198185290688405e-01
1.341341341341341398e+01,7.221957397380777133e-01,4.509509691217268856e-01
1.361361361361361411e+01,8.753771998628164797e-01,3.379888895507204838e-01
1.381381381381381424e+01,1.063128168178831157e+00,2.539705785753509915e-01
1.401401401401401436e+01,1.293029702357780364e+00,1.914351092652579744e-01
1.421421421421421449e+01,1.574353738265874103e+00,1.448508531315697012e-01
1.441441441441441462e+01,1.918435083743719405e+00,1.101166121442925250e-01
1.461461461461461475e+01,2.339126515763791048e+00,8.419180895374787921e-02
1.481481481481481488e+01,2.853355110212521861e+00,6.482238074666359096e-02
1.501501501501501679e+01,3.481802030781307788e+00,5.033770154768227312e-02
1.521521521521521692e+01,4.249732947407537154e+00,3.950021993159801709e-02
1.541541541541541704e+01,5.188012223390714439e+00,3.139425515633852137e-02
1.561561561561561717e+01,6.334341375935521157e+00,2.534399477046788904e-02
1.581581581581581730e+01,7.734770968122909984e+00,2.085335785157997265e-02
1.601601601601601743e+01,9.445545862232638257e+00,1.756253522930187674e-02
1.621621621621621756e+01,1.153535631355827817e+01,1.521770141585084522e-02
1.641641641641641769e+01,1.408808212769249835e+01,1.365204101058939933e-02
1.661661661661661782e+01,1.720613419513580666e+01,1.277833777958748557e-02
1.681681681681681795e+01,2.101451449348813227e+01,1.259679101673048460e-02
1.701701701701701808e+01,2.566572888255333851e+01,1.322928935707182001e-02
1.721721721721721821e+01,3.134568097475911941e+01,1.501017991767274531e-02
1.741741741741741833e+01,3.828060405083135009e+01,1.871675125522757541e-02
1.761761761761761846e+01,4.674479429986747903e+01,2.618907029365057093e-02
1.781781781781781859e+01,5.706779826728307370e+01,4.217642600099429789e-02
1.801801801801801872e+01,6.963523574334855937e+01,8.061767862703313192e-02
1.821821821821821885e+01,8.485688110893313763e+01,1.897508670958517885e-01
1.841841841841841898e+01,1.029632461582997394e+02,5.736202131707838214e-01
1.861861861861861911e+01,1.227546317912812981e+02,2.313709548986599529e+00
1.881881881881881924e+01,1.334396945660415668e+02,1.207323629200041459e+01
1.901901901901901937e+01,9.076820741721206787e+01,5.311059645177358846e+01
1.921921921921921950e+01,2.455296013620959528e+01,8.823630217932414155e+01
1.941941941941941963e+01,5.428421576055329822e+00,7.881247452809715526e+01
1.961961961961961975e+01,1.635893758531344000e+00,6.112318135249865492e+01
1.981981981981981988e+01,6.879946149309856818e-01,4.599891873633279005e+01
2.002002002002002001e+01,3.781537091878089396e-01,3.432733776646249879e+01
2.022022022022022014e+01,2.547953645271059386e-01,2.554048410100999433e+01
2.042042042042042027e+01,1.999840556387653678e-01,1.897885113520323586e+01
2.062062062062062040e+01,1.758759428299184746e-01,1.409499873979780205e+01
2.082082082082082053e+01,1.683298905879373197e-01,1.046553922075388243e+01
2.102102102102102066e+01,1.715579376582998250e-01,7.770447765407403118e+00
2.122122122122122079e+01,1.831992823083595234e-01,5.770051611609834374e+00
2.142142142142142447e+01,2.025233410634857401e-01,4.285627477689579301e+00
2.162162162162162460e+01,2.297128070899714936e-01,3.184201255197551816e+00
2.182182182182182473e+01,2.655675156045130825e-01,2.366963585905798695e+00
2.202202202202202486e+01,3.113925126003407318e-01,1.760549005676809164e+00
2.222222222222222499e+01,3.689778374650707349e-01,1.310511140088574722e+00
2.242242242242242511e+01,4.406319652865348657e-01,9.764573775666641753e-01
2.262262262262262524e+01,5.292533391681139010e-01,7.284280927437074560e-01
2.282282282282282537e+01,6.384347969767598663e-01,5.442054022109616973e-01
2.302302302302302550e+01,7.726009578993179305e-01,4.073144151565536997e-01
2.322322322322322563e+01,9.371819238818229758e-01,3.055396020256511136e-01
2.342342342342342576e+01,1.138829074953098264e+00,2.298239703006482726e-01
2.362362362362362589e+01,1.385680939106144871e+00,1.734525047066771131e-01
2.382382382382382602e+01,1.687689408579359451e+00,1.314466143082393124e-01
2.402402402402402615e+01,2.057019150259892015e+00,1.001151541300359660e-01
2.422422422422422628e+01,2.508536082093534070e+00,7.672160375500489127e-02
2.442442442442442641e+01,3.060404403540391005e+00,5.923742147581822354e-02
2.462462462462462653e+01,3.734816034964425935e+00,4.615933780920446206e-02
2.482482482482482666e+01,4.558881614481412825e+00,3.637411933555659976e-02
2.502502502502502679e+01,5.565718621540786337e+00,2.905863155483700763e-02
2.522522522522522692e+01,6.795779980856702984e+00,2.360624598768047352e-02
2.542542542542542705e+01,8.298475907521336126e+00,1.957308083679556998e-02
2.562562562562562718e+01,1.013415303933239997e+01,1.663948860868208479e-02
2.582582582582582731e+01,1.237650835965920848e+01,1.458387440851073406e-02
2.602602602602602744e+01,1.511553095966078075e+01,1.326763930956981023e-02
2.622622622622622757e+01,1.846108179895978907e+01,1.263244012655257049e-02
2.642642642642642770e+01,2.254723834247957015e+01,1.271545564577838613e-02
2.662662662662662783e+01,2.753753964582015357e+01,1.369846117024692625e-02
2.682682682682682795e+01,3.363124678866279282e+01,1.603362335506116135e-02
2.702702702702702808e+01,4.107061298783992243e+01,2.076686823022799028e-02
2.722722722722722821e+01,5.014868855587074137e+01,3.043621553731417489e-02
2.742742742742742834e+01,6.121539408089551415e+01,5.186635977715530615e-02
2.762762762762762847e+01,7.467207687282795803e+01,1.061968014326021975e-01
2.782782782782782860e+01,9.090816417134897165e+01,2.716266149771159877e-01
2.802802802802802873e+01,1.099197529962006001e+02,9.058452381878805415e-01
2.822822822822822886e+01,1.288788283619101094e+02,4.050403733327101463e+00
2.842842842842842899e+01,1.274859348560894148e+02,2.173156898960691308e+01
2.862862862862862912e+01,6.260490968982531257e+01,7.165601257536985713e+01
2.882882882882882924e+01,1.413117186899848221e+01,8.770548135722206951e+01
2.902902902902902937e+01,3.416164251068273927e+00,7.254615058991713283e+01
2.922922922922922950e+01,1.164475011595070386e+00,5.539361058505396329e+01
2.942942942942942963e+01,5.424398667608616442e-01,4.151739347275381675e+01
2.962962962962962976e+01,3.224549906760735829e-01,3.094007587262399639e+01
2.982982982982982989e+01,2.304431080296457379e-01,2.300727263664284550e+01
3.003003003003003357e+01,1.889942901011005816e-01,1.709212723988114391e+01
3.023023023023023370e+01,1.717342891587169962e-01,1.269240791508251753e+01
3.043043043043043383e+01,1.684072432113015161e-01,9.423846947764417337e+00
3.063063063063063396e+01,1.747603178047407724e-01,6.997190691225027237e+00
3.083083083083083409e+01,1.891337528256251399e-01,5.196216587216798466e+00
3.103103103103103422e+01,2.111709014982273147e-01,3.859841278946425813e+00
3.123123123123123435e+01,2.412930981148274645e-01,2.868278500579648949e+00
3.143143143143143448e+01,2.804849199825799611e-01,2.132546520722535810e+00
3.163163163163163460e+01,3.302212317924982377e-01,1.586590045957031236e+00
3.183183183183183473e+01,3.924686546575261170e-01,1.181394235375069934e+00
3.203203203203203486e+01,4.697335040638153658e-01,8.805992747204056670e-01
3.223223223223223499e+01,5.651451681988074460e-01,6.572383819078684297e-01
3.243243243243243512e+01,6.825719309196217610e-01,4.913139987242398088e-01
3.263263263263263525e+01,8.267706297423030870e-01,3.679980557416324682e-01
3.283283283283283538e+01,1.003574405968308936e+00,2.762962743023473222e-01
3.303303303303303551e+01,1.220125108146277171e+00,2.080572101341295332e-01
3.323323323323323564e+01,1.485159114990381557e+00,1.572372600188123304e-01
3.343343343343343577e+01,1.809357714731598454e+00,1.193556374036877921e-01
3.363363363363363590e+01,2.205775895543910181e+00,9.109029910029607657e-02
3.383383383383383602e+01,2.690366616193094806e+00,6.997844179476095383e-02
3.403403403403403615e+01,3.282621488436540336e+00,5.419456755128673059e-02
3.423423423423423628e+01,4.006353474583935537e+00,4.238612408998489872e-02
3.443443443443443641e+01,4.890652873119758937e+00,3.355190345752094572e-02
3.463463463463463654e+01,5.971054736980724975e+00,2.695226155174795801e-02
3.483483483483483667e+01,7.290964145117847295e+00,2.204313637306616613e-02
3.503503503503503680e+01,8.903395937968817009e+00,1.842810175566443956e-02
3.523523523523523693e+01,1.087309736022553608e+01,1.582444493571026622e-02
3.543543543543543706e+01,1.327913634125169118e+01,1.404093410554209560e-02
3.563563563563563719e+01,1.621805445337303198e+01,1.296680079544864153e-02
3.583583583583583732e+01,1.980770081671014893e+01,1.257435326137390681e-02
3.603603603603603744e+01,2.419187836213625786e+01,1.294346213972546143e-02
3.623623623623623757e+01,2.954593625623796171e+01,1.433051163482075389e-02
3.643643643643643770e+01,3.608339881850432818e+01,1.734272116888342999e-02
3.663663663663663783e+01,4.406352413847244520e+01,2.339659952685203131e-02
3.683683683683683796e+01,5.379893823504000494e+01,3.603818179418703804e-02
3.703703703703703809e+01,6.565956165148372747e+01,6.524851374369705637e-02
3.723723723723723822e+01,8.005617000116869519e+01,1.438019298334503593e-01
3.743743743743743835e+01,9.732024955382129860e+01,4.018714123740557698e-01
3.763763763763763848e+01,1.169810561595015912e+02,1.484700473503375973e+00
3.783783783783783861e+01,1.330298193194260250e+02,7.291471100324177002e+00
3.803803803803803874e+01,1.116014901822499894e+02,3.695923758201559650e+01
3.823823823823823886e+01,3.863176498857689722e+01,8.398144061702409147e+01
3.843843843843843899e+01,8.278437282856428325e+00,8.359387049110551970e+01
3.863863863863863912e+01,2.247769190651587312e+00,6.623325567331843899e+01
3.883883883883883925e+01,8.617346399392089573e-01,5.009996338324629761e+01
3.903903903903903938e+01,4.407495748244127376e-01,3.744796356834114448e+01
3.923923923923923951e+01,2.812718241471417469e-01,2.787971024846391899e+01
3.943943943943943964e+01,2.119829433568293786e-01,2.072278803764984900e+01
3.963963963963963977e+01,1.808780767654891986e-01,1.539204612083103108e+01
3.983983983983983990e+01,1.692716991050051967e-01,1.142908125402752972e+01
4.004004004004004003e+01,1.696635552878643927e-01,8.485789251888702367e+00
4.024024024024024015e+01,1.789466028914149520e-01,6.300945402162039244e+00
4.044044044044044028e+01,1.960125177584833844e-01,4.679563646937017651e+00
4.064064064064064041e+01,2.208170755356754222e-01,3.476492801921952314e+00
4.084084084084084054e+01,2.539950092441345952e-01,2.583841473097117092e+00
4.104104104104104067e+01,2.967071569279758902e-01,1.921485314375581011e+00
4.124124124124124080e+01,3.505986362925104793e-01,1.429954519535165058e+00
4.144144144144144093e+01,4.178186996656789720e-01,1.065125902043824846e+00
4.164164164164164106e+01,5.010818929150698819e-01,7.942709334217498141e-01
4.184184184184184119e+01,6.037629219720583862e-01,5.931173460382473950e-01
4.204204204204204132e+01,7.300240659435798252e-01,4.436663985172702440e-01
4.224224224224224145e+01,8.849776394338606522e-01,3.325724534339191685e-01
4.244244244244244157e+01,1.074888606953833925e+00,2.499405220587893051e-01
4.264264264264264170e+01,1.307424682460322396e+00,1.884342546873424840e-01
4.284284284284284894e+01,1.591963484098974035e+00,1.426143797824774850e-01
4.304304304304304907e+01,1.939968794282709741e+00,1.084481888110060688e-01
4.324324324324324920e+01,2.365450842743793469e+00,8.294588109950003230e-02
4.344344344344344933e+01,2.885528963348365838e+00,6.389105420249159561e-02
4.364364364364364945e+01,3.521119105045602549e+00,4.964103115272495287e-02
4.384384384384384958e+01,4.297773649832632437e+00,3.897900844607860016e-02
4.404404404404404971e+01,5.246707120039951988e+00,3.100475603797938837e-02
4.424424424424424984e+01,6.406048613906507150e+00,2.505399310990624392e-02
4.444444444444444997e+01,7.822370828263858655e+00,2.063932884396243658e-02
4.464464464464465010e+01,9.552556094865298775e+00,1.740761194361785391e-02
4.484484484484485023e+01,1.166607282634470799e+01,1.511031680170636313e-02
4.504504504504505036e+01,1.424775038685910822e+01,1.358519103893934474e-02
4.524524524524525049e+01,1.740115778072469510e+01,1.274956209478777559e-02
4.544544544544545062e+01,2.125270799628815510e+01,1.260921835548674437e-02
4.564564564564565075e+01,2.595662309278873181e+01,1.329486167423372771e-02
4.584584584584585087e+01,3.170088610058221690e+01,1.515768737715719912e-02
4.604604604604605100e+01,3.871422928411916331e+01,1.901259838459546866e-02
4.624624624624625113e+01,4.727389061827697248e+01,2.679536430609378780e-02
4.644644644644645126e+01,5.771267234687751113e+01,4.353366512219378898e-02
4.664664664664665139e+01,7.041898258275385558e+01,8.410673681634844856e-02
4.684684684684685152e+01,8.580102510311627384e+01,2.005436421199204844e-01
4.704704704704705165e+01,1.040619301066223983e+02,6.156494347104261022e-01
4.724724724724725178e+01,1.238093962415272387e+02,2.525137997886267804e+00
4.744744744744745191e+01,1.330375137989299503e+02,1.328810363327831112e+01
4.764764764764765204e+01,8.630203644345318992e+01,5.628333503953823680e+01
4.784784784784785217e+01,2.247413633050517134e+01,8.849772293753548524e+01
4.804804804804805229e+01,5.025561151425419482e+00,7.783256571153016523e+01
4.824824824824825242e+01,1.545010344949343306e+00,6.017782051056134662e+01
4.844844844844845255e+01,6.608875963732818715e-01,4.525239797641007300e+01
4.864864864864865268e+01,3.680346340926193838e-01,3.376162865588103301e+01
4.884884884884885281e+01,2.504290784060063668e-01,2.511702139899345454e+01
4.904904904904905294e+01,1.980062887252328763e-01,1.866333472797546733e+01
4.924924924924925307e+01,1.750912797616124561e-01,1.386039941692908073e+01
4.944944944944945320e+01,1.682611557274851788e-01,1.029128703984081739e+01
4.964964964964965333e+01,1.720060396664568891e-01,7.641092016417050381e+00
4.984984984984985346e+01,1.840895589780445207e-01,5.674054003995617101e+00
5.005005005005005358e+01,2.038459731738840042e-01,4.214396501674451123e+00
5.025025025025025371e+01,2.314982550156597652e-01,3.131349854735185456e+00
5.045045045045045384e+01,2.678765930173535037e-01,2.327748046621440636e+00
5.065065065065065397e+01,3.143133232197432569e-01,1.731448231729539211e+00
5.085085085085085410e+01,3.726264624958514071e-01,1.288912576515699238e+00
5.105105105105105423e+01,4.451555695427398263e-01,9.604230945513039241e-01
5.125125125125125436e+01,5.348352181297207908e-01,7.165208487165846130e-01
5.145145145145145449e+01,6.453012394170485333e-01,5.353594224951236935e-01
5.165165165165165462e+01,7.810300453550103050e-01,4.007394440860381213e-01
5.185185185185185475e+01,9.475145327857200650e-01,3.006497128494124982e-01
5.205205205205205488e+01,1.151482472968964110e+00,2.261847443239162758e-01
5.225225225225225500e+01,1.401165493596603140e+00,1.707418588045290786e-01
5.245245245245245513e+01,1.706629060864897740e+00,1.294257566897246137e-01
5.265265265265265526e+01,2.080176464708762829e+00,9.860704362588845751e-02
5.285285285285285539e+01,2.536842871633592011e+00,7.559499469496787361e-02
5.305305305305305552e+01,3.094999150486175576e+00,5.839503607127061180e-02
5.325325325325325565e+01,3.777089607844358099e+00,4.552910989697028787e-02
5.345345345345345578e+01,4.610533106618319721e+00,3.590271868563579133e-02
5.365365365365365591e+01,5.628823522827258508e+00,2.870667937137791684e-02
5.385385385385385604e+01,6.872873415892605031e+00,2.334481051374666383e-02
5.405405405405405617e+01,8.392654235854227096e+00,1.938113452498959471e-02
5.425425425425425630e+01,1.024919780944050274e+01,1.650212570993362521e-02
5.445445445445445642e+01,1.251703743174348205e+01,1.449116751976467152e-02
5.465465465465465655e+01,1.528718259092877751e+01,1.321413567555167201e-02
5.485485485485485668e+01,1.867073831930006023e+01,1.261746087814516297e-02
5.505505505505505681e+01,2.280329713250186074e+01,1.274469565476546266e-02
5.525525525525525694e+01,2.785023890605055641e+01,1.378852309779838789e-02
5.545545545545545707e+01,3.401305042490056962e+01,1.622312549762709721e-02
5.565565565565565720e+01,4.153664591973066678e+01,2.114606729508855532e-02
5.585585585585585733e+01,5.071716434988280042e+01,3.123282633634728161e-02
5.605605605605605746e+01,6.190778141064255635e+01,5.372852557588425615e-02
5.625625625625625759e+01,7.551189016456137892e+01,1.112791003900768932e-01
5.645645645645645772e+01,9.191276684115730689e+01,2.885920620135084547e-01
5.665665665665665784e+01,1.110513291392582431e+02,9.781178838306058276e-01
5.685685685685685797e+01,1.297201425793857368e+02,4.443911701716643847e+00
5.705705705705705810e+01,1.256607896403622959e+02,2.378798422836127457e+01
5.725725725725725823e+01,5.830472491850941452e+01,7.415645282426550011e+01
5.745745745745745836e+01,1.294581890734494323e+01,8.722513275354414475e+01
5.765765765765765849e+01,3.184739902826984714e+00,7.152552628882828856e+01
5.785785785785785862e+01,1.106769298169746341e+00,5.451418849496434405e+01
5.805805805805805875e+01,5.236556811076666929e-01,4.083740661596713295e+01
5.825825825825825888e+01,3.150052625807343021e-01,3.042780093554845422e+01
5.845845845845845901e+01,2.271314157732867434e-01,2.262461700927123331e+01
5.865865865865865914e+01,1.875183026356520288e-01,1.680727520450435009e+01
5.885885885885885926e+01,1.712360387488449376e-01,1.248070334435904272e+01
5.905905905905905939e+01,1.685353634606938655e-01,9.266637520890835589e+00
5.925925925925925952e+01,1.753699242662571101e-01,6.880501787620925569e+00
5.945945945945945965e+01,1.901772508550437502e-01,5.109625208196005630e+00
5.965965965965965978e+01,2.126544748001498175e-01,3.795591563134760538e+00
5.985985985985986702e+01,2.432586696149613426e-01,2.820606865577827804e+00
6.006006006006006714e+01,2.830031749093175897e-01,2.097173341766374044e+00
6.026026026026026727e+01,3.333901082072711630e-01,1.560339209098494884e+00
6.046046046046046740e+01,3.964149793704104252e-01,1.161909400052254737e+00
6.066066066066066753e+01,4.746168248723853789e-01,8.661326962413744557e-01
6.086086086086086766e+01,5.711634471680097080e-01,6.464939316038831318e-01
6.106106106106106779e+01,6.899690837116241315e-01,4.833305728410285940e-01
6.126126126126126792e+01,8.358460834228368386e-01,3.620630297888255411e-01
6.146146146146146805e+01,1.014694987785921931e+00,2.718812851989855228e-01
6.166166166166166818e+01,1.233739702160495444e+00,2.047705208702732815e-01
6.186186186186186831e+01,1.501816651015381865e+00,1.547884330114881746e-01
6.206206206206206843e+01,1.829729197178143085e+00,1.175293413926099539e-01
6.226226226226226856e+01,2.230681346738547344e+00,8.972689280585362248e-02
6.246246246246246869e+01,2.720808009234045866e+00,6.895958163320864420e-02
6.266266266266266882e+01,3.319822986121315544e+00,5.343255113373180515e-02
6.286286286286286895e+01,4.051810581673761291e+00,4.181599859176629574e-02
6.306306306306306908e+01,4.946192461225121129e+00,3.312562909007914225e-02
6.326326326326326921e+01,6.038908328601760189e+00,2.663441299547474397e-02
6.346346346346346934e+01,7.373857427322816349e+00,2.180776644810578785e-02
6.366366366366366947e+01,9.004657923839442191e+00,1.825647180498840561e-02
6.386386386386386960e+01,1.099679358669959228e+01,1.570347533844632798e-02
6.406406406406406973e+01,1.343023123397126106e+01,1.396227897662940740e-02
6.426426426426426985e+01,1.640260892048684482e+01,1.292659017522473919e-02
6.446446446446446998e+01,2.003311221553958177e+01,1.257386911381308189e-02
6.466466466466467011e+01,2.446717055352207026e+01,1.299155846025716078e-02
6.486486486486487024e+01,2.988210670584350126e+01,1.444972296005820993e-02
6.506506506506507037e+01,3.649382439781899734e+01,1.758495126983650181e-02
6.526526526526527050e+01,4.456440618592280600e+01,2.388569652929459566e-02
6.546546546546547063e+01,5.440968764879345088e+01,3.709891766286605580e-02
6.566566566566567076e+01,6.640270106971642861e+01,6.785321444262272517e-02
6.586586586586587089e+01,8.095481519830920547e+01,1.513930822435602952e-01
6.606606606606607102e+01,9.838280820302333041e+01,4.293680666104408017e-01
6.626626626626627115e+01,1.181065855887928109e+02,1.613053767721218446e+00
6.646646646646647127e+01,1.333835715049997077e+02,8.027999467510511522e+00
6.666666666666667140e+01,1.080644759971182225e+02,3.989228221129334173e+01
6.686686686686687153e+01,3.549968936367763206e+01,8.520679356333462806e+01
6.706706706706707166e+01,7.619738824105365183e+00,8.274142110542274509e+01
6.726726726726727179e+01,2.110213781048591475e+00,6.523739857436528666e+01
6.746746746746747192e+01,8.238416863455821915e-01,4.929071340602591533e+01
6.766766766766767205e+01,4.274077820184316034e-01,3.683029117010796227e+01
6.786786786786787218e+01,2.757073485770911714e-01,2.741623556191954947e+01
6.806806806806807231e+01,2.094675125513785485e-01,2.037711849221598115e+01
6.826826826826827244e+01,1.798057903629841081e-01,1.513490683309614226e+01
6.846846846846847257e+01,1.690193320445792236e-01,1.123804082434325124e+01
6.866866866866867269e+01,1.699719048808103206e-01,8.343951990633785343e+00
6.886886886886887282e+01,1.797125457993292985e-01,6.195677514541384490e+00
6.906906906906907295e+01,1.972105261568150025e-01,4.601451508964581549e+00
6.926926926926927308e+01,2.224672605155927074e-01,3.418535480954809636e+00
6.946946946946947321e+01,2.561499680111186117e-01,2.540838093849285162e+00
6.966966966966967334e+01,2.994473111282012212e-01,1.889574874763908729e+00
6.986986986986987347e+01,3.540319966707171084e-01,1.406271963213579390e+00
7.007007007007007360e+01,4.220833533760893763e-01,1.047545873535457028e+00
7.027027027027027373e+01,5.063505144880540154e-01,7.812171137426794365e-01
7.047047047047047386e+01,6.102491197686674695e-01,5.834207854070763144e-01
7.067067067067067399e+01,7.379906213120663860e-01,4.364603238452577361e-01
7.087087087087087411e+01,8.947468637782214351e-01,3.272141947773153370e-01
7.107107107107107424e+01,1.086855174396297530e+00,2.459535871704911503e-01
7.127127127127127437e+01,1.322071419549641913e+00,1.854653633171277627e-01
7.147147147147147450e+01,1.609880731692171052e+00,1.404016109987156757e-01
7.167167167167167463e+01,1.961878103969935783e+00,1.067973528442160425e-01
7.187187187187187476e+01,2.392233953084503373e+00,8.171301428915471454e-02
7.207207207207207489e+01,2.918263211994761797e+00,6.296944455061247170e-02
7.227227227227227502e+01,3.561120686603649776e+00,4.895160500906420992e-02
7.247247247247247515e+01,4.346650465433514299e+00,3.846322818582539882e-02
7.267267267267267528e+01,5.306423302037718948e+00,3.061936111060007543e-02
7.287287287287287540e+01,6.479003318100189368e+00,2.476714187621504790e-02
7.307307307307307553e+01,7.911494396785180960e+00,2.042778111942376157e-02
7.327327327327327566e+01,9.661427410244103342e+00,1.725473219864404051e-02
7.347347347347347579e+01,1.179906241834778768e+01,1.500474282889888156e-02
7.367367367367367592e+01,1.441019480216917081e+01,1.352012775158609181e-02
7.387387387387387605e+01,1.759957165373626964e+01,1.272280583794080031e-02
7.407407407407407618e+01,2.149504133135970463e+01,1.262433650317279846e-02
7.427427427427427631e+01,2.625257122754008066e+01,1.336453244574506080e-02
7.447447447447447644e+01,3.206225866433683791e+01,1.531224543346228206e-02
7.467467467467467657e+01,3.915537493967350002e+01,1.932213329129501417e-02
7.487487487487487670e+01,4.781214107366410104e+01,2.743193700364767243e-02
7.507507507507507682e+01,5.836864012117279543e+01,4.496799115490979909e-02
7.527527527527527695e+01,7.121599729080695340e+01,8.782809029904675713e-02
7.547547547547547708e+01,8.676027561865215887e+01,2.121920714354627591e-01
7.567567567567567721e+01,1.051737194953763890e+02,6.616588886472752895e-01
7.587587587587587734e+01,1.248479766638502895e+02,2.759781261471379477e+00
7.607607607607607747e+01,1.324420725798137823e+02,1.462736437184115701e+01
7.627627627627627760e+01,8.173665855206429853e+01,5.943701412341064838e+01
7.647647647647647773e+01,2.055615355756178531e+01,8.861060263150702099e+01
7.667667667667667786e+01,4.655694513056888084e+00,7.683384615635812054e+01
7.687687687687687799e+01,1.460243550562581261e+00,5.923715350811257707e+01
7.707707707707707812e+01,6.352329130368349341e-01,4.451265568031100628e+01
7.727727727727727824e+01,3.583576416353267402e-01,3.320167720106806541e+01
7.747747747747747837e+01,2.462301282504351096e-01,2.469803085246207530e+01
7.767767767767767850e+01,1.961064063502154786e-01,1.835120148930720774e+01
7.787787787787787863e+01,1.743516951322464648e-01,1.362833394083078353e+01
7.807807807807807876e+01,1.682251530850809862e-01,1.011892409098963697e+01
7.827827827827827889e+01,1.724831842477657917e-01,7.513141655227570936e+00
7.847847847847847902e+01,1.850095438157109973e-01,5.579100513982497844e+00
7.867867867867867915e+01,2.052016757230379906e-01,4.143940635022135055e+00
7.887887887887887928e+01,2.333222237523514819e-01,3.079073570273870519e+00
7.907907907907907941e+01,2.702315900351829336e-01,2.288959068652474116e+00
7.927927927927927954e+01,3.172895256307214917e-01,1.702663753186517637e+00
7.947947947947947966e+01,3.763423073835692745e-01,1.267548499286865971e+00
7.967967967967967979e+01,4.497610026204632572e-01,9.445626236987584301e-01
7.987987987987987992e+01,5.405168707780834136e-01,7.047424291716446465e-01
8.008008008008008005e+01,6.522894383330394286e-01,5.266089122517866317e-01
8.028028028028028018e+01,7.896077819933476905e-01,3.942352223601236494e-01
8.048048048048048031e+01,9.580286665944749425e-01,2.958122536699029914e-01
8.068068068068068044e+01,1.164357570788289609e+00,2.225843757472373841e-01
8.088088088088088057e+01,1.416920832766426885e+00,1.680600171205751392e-01
8.108108108108108070e+01,1.725899461283731062e+00,1.274262545705515948e-01
8.128128128128128083e+01,2.103737777789228325e+00,9.711477727454626008e-02
8.148148148148148096e+01,2.565643137996304723e+00,7.448015518294101578e-02
8.168168168168168108e+01,3.130196673205269065e+00,5.756141073134377062e-02
8.188188188188188121e+01,3.820099462188799144e+00,4.490542371307766623e-02
8.208208208208208134e+01,4.663083946059123797e+00,3.543622959223698826e-02
8.228228228228228147e+01,5.693026943620679070e+00,2.835845284293753502e-02
8.248248248248248160e+01,6.951308646122710044e+00,2.308625336596804162e-02
8.268268268268268173e+01,8.488471486971901570e+00,1.919148436802490393e-02
8.288288288288288186e+01,1.036624436564670759e+01,1.636669482579065221e-02
8.308308308308308199e+01,1.266001140834960026e+01,1.440023092478729186e-02
8.328328328328328212e+01,1.546182010074844015e+01,1.316245326091031002e-02
8.348348348348348225e+01,1.888404109285237809e+01,1.260463665652017222e-02
8.368368368368368237e+01,2.306380801217537524e+01,1.277696954315142401e-02
8.388388388388388250e+01,2.816837273585498380e+01,1.388342551039653885e-02
8.408408408408408263e+01,3.440148462303289278e+01,1.642137464916891901e-02
8.428428428428428276e+01,4.201076036858588481e+01,2.154306710796553143e-02
8.448448448448448289e+01,5.129546660099219224e+01,3.207080358574931900e-02
8.468468468468468302e+01,6.261204114949853050e+01,5.570222106031209180e-02
8.488488488488488315e+01,7.636575851059649267e+01,1.167209423520576689e-01
8.508508508508508328e+01,9.293266286406121424e+01,3.069914992105417517e-01
8.528528528528528341e+01,1.121916946468278553e+02,1.057659479830165061e+00
8.548548548548549775e+01,1.305103368393090477e+02,4.881717990037377497e+00
8.568568568568569788e+01,1.235502999042129062e+02,2.600922563133781296e+01
8.588588588588589801e+01,5.412819902825904705e+01,7.648251265581944836e+01
8.608608608608609813e+01,1.186080647234938290e+01,8.666070318260008776e+01
8.628628628628629826e+01,2.971215805059682857e+00,7.049999497403445048e+01
8.648648648648649839e+01,1.052654574310995406e+00,5.364110418914075495e+01
8.668668668668669852e+01,5.058050776657270209e-01,4.016401403926315083e+01
8.688688688688689865e+01,3.078629967290252845e-01,2.992087231086066623e+01
8.708708708708709878e+01,2.239446836314536449e-01,2.224606109058542103e+01
8.728728728728729891e+01,1.861048338188933116e-01,1.652551014471038471e+01
8.748748748748749904e+01,1.707768643055045665e-01,1.227130607843305121e+01
8.768768768768769917e+01,1.686940058887219096e-01,9.111146650250208978e+00
8.788788788788789930e+01,1.760081585412928418e-01,6.765090573473651503e+00
8.808808808808809943e+01,1.912510705279064638e-01,5.023982736614396316e+00
8.828828828828829955e+01,2.141724644766258845e-01,3.732046105660343116e+00
8.848848848848849968e+01,2.452647387836943693e-01,2.773457687751530010e+00
8.868868868868869981e+01,2.855699664619207878e-01,2.062187629278154244e+00
8.888888888888889994e+01,3.366176985749880224e-01,1.534375661038090310e+00
8.908908908908910007e+01,4.004326657796578592e-01,1.142637541604961671e+00
8.928928928928930020e+01,4.795870889095558698e-01,8.518239838304637601e-01
8.948948948948950033e+01,5.772877852420255085e-01,6.358664858756839511e-01
8.968968968968970046e+01,6.974956983870286287e-01,4.754338611349243626e-01
8.988988988988990059e+01,8.450796192430735099e-01,3.561922674887278983e-01
9.009009009009010072e+01,1.026008633200528264e+00,2.675139228658630075e-01
9.029029029029030085e+01,1.247590103782949766e+00,2.015191320043500656e-01
9.049049049049050097e+01,1.518762215691863871e+00,1.523657758244213456e-01
9.069069069069070110e+01,1.850452502262106336e+00,1.157224541802702455e-01
9.089089089089090123e+01,2.256016549188714304e+00,8.837789062528078610e-02
9.109109109109110136e+01,2.751774346243843095e+00,6.795142800992150234e-02
9.129129129129130149e+01,3.357665705191569927e+00,5.267851110346628840e-02
9.149149149149150162e+01,4.098050938127496323e+00,4.125183686245279674e-02
9.169169169169170175e+01,5.002688779792414664e+00,3.270384473267987091e-02
9.189189189189190188e+01,6.107930569028936496e+00,2.631999083339866749e-02
9.209209209209210201e+01,7.458178157960912991e+00,2.157506354148587893e-02
9.229229229229230214e+01,9.107663433936085795e+00,1.808699772370279957e-02
9.249249249249250227e+01,1.112261934521015938e+01,1.558436202151276297e-02
9.269269269269270239e+01,1.358392698786216890e+01,1.388538276423088857e-02
9.289289289289290252e+01,1.659033969620213611e+01,1.288828112987029650e-02
9.309309309309310265e+01,2.026240229231298429e+01,1.257579097258354831e-02
9.329329329329330278e+01,2.474719824871476348e+01,1.304314673058635903e-02
9.349349349349350291e+01,3.022405685798779373e+01,1.457477667681666977e-02
9.369369369369370304e+01,3.691129960469512383e+01,1.783822843530990035e-02
9.389389389389390317e+01,4.507387498299264905e+01,2.439838908791836652e-02
9.409409409409410330e+01,5.503086132169391220e+01,3.821722915560938488e-02
9.429429429429430343e+01,6.715837630046628703e+01,7.062272452025485092e-02
9.449449449449450356e+01,8.186804961080967757e+01,1.595549651699548210e-01
9.469469469469470368e+01,9.945990290015339497e+01,4.593384876661285032e-01
9.489489489489490381e+01,1.192311417511883604e+02,1.755017764504340771e+00
9.509509509509510394e+01,1.336220093256176540e+02,8.846021715321375822e+00
9.529529529529530407e+01,1.042641295984619347e+02,4.294192574556708308e+01
9.549549549549550420e+01,3.256401939446094218e+01,8.623329431127338296e+01
9.569569569569570433e+01,7.017108750272658568e+00,8.184879989586235638e+01
9.589589589589590446e+01,1.982607699864716411e+00,6.424370050519372910e+01
9.609609609609610459e+01,7.881356974058522091e-01,4.848851560081445911e+01
9.629629629629630472e+01,4.146871504859015456e-01,3.621897383543482363e+01
9.649649649649650485e+01,2.703639216782744437e-01,2.695776691926407054e+01
9.669669669669670498e+01,2.070487643716599768e-01,2.003525363590382824e+01
9.689689689689690510e+01,1.787857527878778940e-01,1.488062243024142894e+01
9.709709709709710523e+01,1.688023185093690537e-01,1.104913084486772412e+01
9.729729729729730536e+01,1.703098335244938311e-01,8.203700268031637322e+00
9.749749749749750549e+01,1.805075768781491952e-01,6.091587888946722096e+00
9.769769769769770562e+01,1.984401891566830167e-01,4.524214206873611310e+00
9.789789789789790575e+01,2.241538833503051165e-01,3.361227344565446806e+00
9.809809809809810588e+01,2.583480973710886031e-01,2.498316275715498858e+00
9.829829829829830601e+01,3.022393709816915131e-01,1.858021562277030414e+00
9.849849849849850614e+01,3.575282420520690674e-01,1.382854227132520153e+00
9.869869869869870627e+01,4.264244878040132081e-01,1.030162191790371384e+00
9.889889889889890640e+01,5.117123386597851598e-01,7.683088567650373513e-01
9.909909909909910652e+01,6.168490194222017164e-01,5.738321319308818946e-01
9.929929929929930665e+01,7.460959659567010238e-01,4.293342406609013118e-01
9.949949949949950678e+01,9.046855528032563543e-01,3.219152350722583877e-01
9.969969969969970691e+01,1.099028697211209327e+00,2.420106156194005986e-01
9.989989989989990704e+01,1.336970921470698848e+00,1.825290767689856097e-01
1.001001001001001072e+02,1.628106709668855734e+00,1.382130295487598026e-01
1.003003003003003073e+02,1.984164512586730655e+00,1.051644708790556160e-01
1.005005005005005074e+02,2.419477679350098498e+00,8.049348825145383191e-02
1.007007007007007076e+02,2.951560094657564637e+00,6.205776377001294419e-02
1.009009009009009077e+02,3.601809524516428773e+00,4.826959448700442884e-02
1.011011011011011078e+02,4.396366759781175304e+00,3.795301245825127845e-02
1.013013013013013079e+02,5.367164892594836090e+00,3.023817771710389513e-02
1.015015015015015081e+02,6.553210522098440016e+00,2.448352350886704235e-02
1.017017017017017082e+02,8.002147828990755940e+00,2.021878105640423015e-02
1.019019019019019083e+02,9.772167332672314188e+00,1.710395189237923219e-02
1.021021021021021085e+02,1.193433429089061626e+01,1.490102915389028733e-02
1.023023023023023086e+02,1.457542658977448191e+01,1.345690137666719077e-02
1.025025025025025087e+02,1.780138951823169080e+01,1.269813803932932222e-02
1.027027027027027088e+02,2.174153107511184402e+01,1.264218456203188706e-02
1.029029029029029090e+02,2.655359345286620965e+01,1.343835727925708420e-02
1.031031031031031091e+02,3.242982305230109574e+01,1.547405557470871509e-02
1.033033033033033092e+02,3.960407007725950734e+01,1.964596409340945218e-02
1.035035035035035094e+02,4.835957934194621544e+01,2.810036956610613770e-02
1.037037037037037095e+02,5.903573655924894581e+01,4.648435773628164375e-02
1.039039039039039096e+02,7.202629965391867017e+01,9.179959581578317485e-02
1.041041041041041098e+02,8.773455228423455310e+01,2.247745757879706097e-01
1.043043043043043099e+02,1.062979264454162376e+02,7.120773986436299552e-01
1.045045045045045100e+02,1.258656553584976905e+02,3.020400004670554583e+00
1.047047047047047101e+02,1.316345332954655589e+02,1.610067687911513090e+01
1.049049049049049103e+02,7.711287655907096905e+01,6.253997925496166488e+01
1.051051051051051104e+02,1.879147542752662403e+01,8.858453912780325368e+01
1.053053053053053105e+02,4.316145760084747707e+00,7.581939803747494011e+01
1.055055055055055107e+02,1.381165807068719387e+00,5.830191770542176499e+01
1.057057057057057108e+02,6.109508063634343511e-01,4.377999683211809412e+01
1.059059059059059109e+02,3.491044646285557107e-01,3.264766580069031932e+01
1.061061061061061110e+02,2.421936369444551707e-01,2.428363788803124379e+01
1.063063063063063112e+02,1.942830106206672458e-01,1.804254176477392235e+01
1.065065065065065113e+02,1.736568404437441315e-01,1.339886845724026720e+01
1.067067067067067114e+02,1.682218897066589947e-01,9.948499112551640877e+00
1.069069069069069116e+02,1.729895168601605360e-01,7.386632698197281854e+00
1.071071071071071117e+02,1.859594503923804043e-01,5.485217796205143159e+00
1.073073073073073118e+02,2.065907063972829416e-01,4.074279625542301275e+00
1.075075075075075119e+02,2.351850138383512479e-01,3.027387041875250429e+00
1.077077077077077121e+02,2.726328628238805507e-01,2.250607543769200358e+00
1.079079079079079122e+02,3.203215354136685344e-01,1.674203685911868966e+00
1.081081081081081123e+02,3.801258593413480158e-01,1.246424963847243106e+00
1.083083083083083125e+02,4.544488381863442950e-01,9.288804887002084509e-01
1.085085085085085126e+02,5.462989768793371503e-01,6.930962165550619281e-01
1.087087087087087127e+02,6.594002049477799554e-01,5.179564138402689144e-01
1.089089089089089128e+02,7.983351410273702431e-01,3.878036613544530442e-01
1.091091091091091130e+02,9.687254980461252885e-01,2.910286650625887317e-01
1.093093093093093131e+02,1.177455786424757234e+00,2.190239525982342617e-01
1.095095095095095132e+02,1.432948675838326524e+00,1.654078029584362119e-01
1.097097097097097134e+02,1.745502700876040203e+00,1.254487415961391961e-01
1.099099099099099135e+02,2.127705634680324476e+00,9.563884210793167917e-02
1.101101101101101136e+02,2.594939981536412699e+00,7.337745714531727914e-02
1.103103103103103138e+02,3.166000750350175696e+00,5.673683042112196567e-02
1.105105105105105139e+02,3.863850208208349901e+00,4.428849956079193573e-02
1.107107107107107140e+02,4.716539767068846700e+00,3.497482645119832922e-02
1.109109109109109141e+02,5.758335770280190502e+00,2.801409140458523475e-02
1.111111111111111143e+02,7.031094070885270497e+00,2.283068593475628960e-02
1.113113113113113144e+02,8.585937902440665681e+00,1.900422092531268634e-02
1.115115115115115145e+02,1.048530521672916827e+01,1.623327424466985969e-02
1.117117117117117147e+02,1.280544554648363587e+01,1.431113656685538242e-02
1.119119119119119148e+02,1.563946221384764357e+01,1.311268305485791680e-02
1.121121121121121149e+02,1.910101301824428788e+01,1.259412130061690269e-02
1.123123123123123150e+02,2.332879879922224120e+01,1.281242473382189842e-02
1.125125125125125152e+02,2.849197490995214110e+01,1.398339747723141048e-02
1.127127127127127153e+02,3.479659020197891550e+01,1.662881562362272456e-02
1.129129129129129154e+02,4.249300501488094994e+01,2.195891471774959885e-02
1.131131131131131156e+02,5.188365180787984343e+01,3.295275614739963388e-02
1.133133133133133157e+02,6.332823223675019619e+01,5.779557861432383509e-02
1.135135135135135158e+02,7.723371438384803866e+01,1.225528699983417097e-01
1.137137137137137159e+02,9.396770015875729598e+01,3.269674767604375254e-01
1.139139139139139161e+02,1.133395081000844442e+02,1.145303555896757919e+00
1.141141141141141162e+02,1.312404417886434942e+02,5.369032118221297445e+00
1.143143143143143163e+02,1.211436648776045217e+02,2.839725472142470153e+01
1.145145145145145165e+02,5.010150159409128179e+01,7.861807650974003536e+01
1.147147147147147166e+02,1.086882253450860780e+01,8.602008883918590243e+01
1.149149149149149167e+02,2.774174207938447267e+00,6.947121097224766118e+01
1.151151151151151169e+02,1.001897877610879783e+00,5.277476880513399493e+01
1.153153153153153170e+02,4.888419178929684361e-01,3.949739001859945375e+01
1.155155155155155171e+02,3.010175497466994754e-01,2.941939390354749051e+01
1.157157157157157172e+02,2.208804619704586580e-01,2.187167599495742465e+01
1.159159159159159174e+02,1.847536682322851453e-01,1.624688318445863544e+01
1.161161161161161175e+02,1.703572711187081312e-01,1.206425355150134848e+01
1.163163163163163176e+02,1.688839538211327207e-01,8.957401969897052396e+00
1.165165165165165178e+02,1.766759745322395714e-01,6.650977516740602447e+00
1.167167167167167179e+02,1.923563109548805383e-01,4.939304370596753202e+00
1.169169169169169180e+02,2.157261324538015390e-01,3.669216214010757593e+00
1.171171171171171181e+02,2.473127744982302756e-01,2.726839387226859923e+00
1.173173173173173183e+02,2.881870187474549483e-01,2.027595664454244329e+00
1.175175175175175184e+02,3.399060453383457303e-01,1.508704105296071685e+00
1.177177177177177185e+02,4.045241490214810942e-01,1.123582186308242470e+00
1.179179179179179187e+02,4.846472167196369529e-01,8.376757877931340079e-01
1.181181181181181188e+02,5.835217009336898242e-01,6.253580423142851563e-01
1.183183183183183189e+02,7.051560283820390573e-01,4.676253735102506304e-01
1.185185185185185190e+02,8.544763924009736167e-01,3.503869141725856062e-01
1.187187187187187192e+02,1.037521602427972089e+00,2.631950596623738869e-01
1.189189189189189193e+02,1.261683926246519816e+00,1.983037124527120554e-01
1.191191191191191194e+02,1.536005077962286691e+00,1.499698057552918407e-01
1.193193193193193196e+02,1.871538923945434751e+00,1.139353794193303099e-01
1.195195195195195197e+02,2.281795271002391434e+00,8.704361151120179607e-02
1.197197197197197340e+02,2.783282417184883339e+00,6.695423026657695842e-02
1.199199199199199342e+02,3.396170131137210113e+00,5.193264659427129781e-02
1.201201201201201343e+02,4.145099547860681355e+00,4.069380327325015229e-02
1.203203203203203344e+02,5.060172351074992747e+00,3.228668849542103841e-02
1.205205205205205345e+02,6.178158673607314633e+00,2.600910559006691658e-02
1.207207207207207347e+02,7.543971780873540034e+00,2.134512848087098680e-02
1.209209209209209348e+02,9.212467959967414188e+00,1.791977464084816216e-02
1.211211211211211349e+02,1.125064240560134898e+01,1.546720137639015849e-02
1.213213213213213351e+02,1.374030639858954927e+01,1.381035505664429328e-02
1.215215215215215352e+02,1.678134789573788055e+01,1.285201061549683110e-02
1.217217217217217353e+02,2.049569443624076470e+01,1.258026759429328907e-02
1.219219219219219354e+02,2.503211198278246030e+01,1.309849009495711245e-02
1.221221221221221356e+02,3.057197023766828892e+01,1.470609340553630413e-02
1.223223223223223357e+02,3.733604788674394825e+01,1.810331910646710216e-02
1.225225225225225358e+02,4.559220178590481964e+01,2.493630378892649005e-02
1.227227227227227360e+02,5.566278536512803043e+01,3.939753165897918324e-02
1.229229229229229361e+02,6.792696819066219405e+01,7.357114419871738087e-02
1.231231231231231362e+02,8.279626632592395197e+01,1.683429051179174407e-01
1.233233233233233364e+02,1.005516411891316437e+02,4.920572617705830654e-01
1.235235235235235365e+02,1.203525010109639197e+02,1.912280415843425452e+00
1.237237237237237366e+02,1.337299177653256095e+02,9.754479187247603988e+00
1.239239239239239367e+02,1.002191631413368356e+02,4.608910195447021607e+01
1.241241241241241369e+02,2.982405390031456704e+01,8.706562830193318803e+01
1.243243243243243370e+02,6.465736575543608922e+00,8.092043387526972253e+01
1.245245245245245371e+02,1.864151020651008350e+00,6.325266434011197703e+01
1.247247247247247373e+02,7.544707238959953433e-01,4.769329008867073583e+01
1.249249249249249374e+02,4.025542480937649437e-01,3.561387297697696397e+01
1.251251251251251375e+02,2.652323721831818526e-01,2.650418417683088990e+01
1.253253253253253376e+02,2.047240087697880517e-01,1.969709975626044596e+01
1.255255255255255378e+02,1.778173862864633747e-01,1.462912200084864622e+01
1.257257257257257379e+02,1.686209427882687517e-01,1.086229824325161530e+01
1.259259259259259380e+02,1.706780679118045374e-01,8.064994571135260415e+00
1.261261261261261382e+02,1.813327481557400200e-01,5.988647169023221473e+00
1.263263263263263383e+02,1.997028644059597180e-01,4.447829955864924578e+00
1.265265265265265384e+02,2.258786160391130504e-01,3.304552240390388196e+00
1.267267267267267385e+02,2.605914473492059180e-01,2.456264044771548694e+00
1.269269269269269387e+02,3.050858441454340486e-01,1.826816504063340174e+00
1.271271271271271388e+02,3.610904242128328834e-01,1.359694693057111659e+00
1.273273273273273389e+02,4.308458209772030867e-01,1.012969918419536652e+00
1.275275275275275391e+02,5.171718994195249053e-01,7.555424813189437483e-01
1.277277277277277392e+02,6.235681523076720412e-01,5.643486435321671824e-01
1.279279279279279393e+02,7.543468500751711048e-01,4.222861100349707408e-01
1.281281281281281395e+02,9.148019456411899952e-01,3.166740589550702256e-01
1.283283283283283254e+02,1.111419233276367047e+00,2.381104811740154537e-01
1.285285285285285397e+02,1.352135466340691705e+00,1.796245489760434078e-01
1.287287287287287256e+02,1.646656408937908989e+00,1.360480067355507861e-01
1.289289289289289400e+02,2.006846324613402732e+00,1.035490756288737491e-01
1.291291291291291259e+02,2.447204372023592978e+00,7.928695543132940893e-02
1.293293293293293402e+02,2.985446904462634610e+00,6.115575615265495674e-02
1.295295295295295261e+02,3.643218934589933955e+00,4.759480290572119798e-02
1.297297297297297405e+02,4.446963210189658788e+00,3.744821654234874869e-02
1.299299299299299264e+02,5.428981561314361493e+00,2.986109945840127733e-02
1.301301301301301407e+02,6.628730890781235452e+00,2.420306754182280709e-02
1.303303303303303267e+02,8.094405206101978223e+00,2.001228478995441609e-02
1.305305305305305410e+02,9.884866329255658002e+00,1.695525066410340925e-02
1.307307307307307269e+02,1.207199888184533876e+01,1.479917613544871197e-02
1.309309309309309413e+02,1.474358061765879135e+01,1.339553670851272894e-02
1.311311311311311272e+02,1.800677603139188321e+01,1.267561133500579897e-02
1.313313313313313415e+02,2.199237834895248511e+01,1.266292048083757921e-02
1.315315315315315274e+02,2.685993519515028183e+01,1.351664624118418222e-02
1.317317317317317418e+02,3.280387858299086901e+01,1.564364332945476430e-02
1.319319319319319277e+02,4.006067930414481282e+01,1.998510489954091751e-02
1.321321321321321420e+02,4.891664801509482174e+01,2.880313588882577394e-02
1.323323323323323280e+02,5.971449418345285665e+01,4.808962514965548635e-02
1.325325325325325423e+02,7.285051087573488360e+01,9.604449791567393202e-02
1.327327327327327282e+02,8.872448427253041814e+01,2.383892588394631584e-01
1.329329329329329425e+02,1.074345985959448342e+02,7.674307178639444560e-01
1.331331331331331285e+02,1.268578155107558558e+02,3.310326819962658096e+00
1.333333333333333428e+02,1.305949605054837832e+02,1.771872568816551308e+01
1.335335335335335287e+02,7.246903437356868949e+01,6.556293583938007430e+01
1.337337337337337431e+02,1.717066322375514176e+01,8.842928489255676539e+01
1.339339339339339290e+02,4.004206192319401225e+00,7.479125123591653335e+01
1.341341341341341433e+02,1.307326751490997641e+00,5.737206155037787880e+01
1.343343343343343292e+02,5.879499505357438371e-01,4.305413282981106704e+01
1.345345345345345436e+02,3.402516797091655332e-01,3.209933219010836325e+01
1.347347347347347295e+02,2.383124366771342539e-01,2.387363637441950459e+01
1.349349349349349438e+02,1.925337861013073637e-01,1.773719929877883317e+01
1.351351351351351298e+02,1.730061844952847372e-01,1.317188595455487210e+01
1.353353353353353441e+02,1.682516612123641231e-01,9.779924916323288642e+00
1.355355355355355300e+02,1.735258355837998034e-01,7.261500328335854348e+00
1.357357357357357444e+02,1.869404717279312400e-01,5.392357722287800748e+00
1.359359359359359303e+02,2.080146504622898962e-01,4.005377753036532873e+00
1.361361361361361446e+02,2.370886339552593924e-01,2.976263770314891310e+00
1.363363363363363305e+02,2.750829004529095623e-01,2.212673783903284175e+00
1.365365365365365449e+02,3.234124267780048578e-01,1.646053409680979351e+00
1.367367367367367592e+02,3.839808999643555265e-01,1.225531112932942923e+00
1.369369369369369451e+02,4.592237152413451429e-01,9.133686234476715571e-01
1.371371371371371595e+02,5.521872190626678778e-01,6.815762169942631843e-01
1.373373373373373454e+02,6.666404931702275549e-01,5.093974600945179176e-01
1.375375375375375597e+02,8.072206272346427181e-01,3.814414338360659351e-01
1.377377377377377456e+02,9.796154245276292860e-01,2.862964676432378508e-01
1.379379379379379600e+02,1.190789827576914206e+00,2.155016263064976900e-01
1.381381381381381459e+02,1.449264551133693679e+00,1.627838375666228465e-01
1.383383383383383602e+02,1.765457750040041240e+00,1.234921819485353955e-01
1.385385385385385462e+02,2.152103210939501743e+00,9.417846200588450567e-02
1.387387387387387605e+02,2.624761714406701252e+00,7.228632304572067679e-02
1.389389389389389464e+02,3.202445967612842281e+00,5.592086611285700809e-02
1.391391391391391608e+02,3.908384092858914194e+00,4.367801951343840139e-02
1.393393393393393467e+02,4.770952170247974244e+00,3.451827439225940014e-02
1.395395395395395610e+02,5.824813030461907459e+00,2.767342401171359392e-02
1.397397397397397469e+02,7.112306686275475798e+00,2.257798896612638051e-02
1.399399399399399613e+02,8.685147534886754173e+00,1.881926556647829651e-02
1.401401401401401472e+02,1.060649523438914166e+01,1.610181953700329585e-02
1.403403403403403615e+02,1.295348013920486174e+01,1.422387165827189610e-02
1.405405405405405475e+02,1.582028017397186659e+01,1.306483449674106581e-02
1.407407407407407618e+02,1.932186314908547331e+01,1.258593657004551496e-02
1.409409409409409477e+02,2.359852477697801731e+01,1.285118571126999364e-02
1.411411411411411621e+02,2.882135699210616764e+01,1.408872032689037317e-02
1.413413413413413480e+02,3.519874715960605016e+01,1.684602623677299363e-02
1.415415415415415623e+02,4.298384267235969247e+01,2.239489826950333620e-02
1.417417417417417482e+02,5.248228125070078676e+01,3.388214129017048937e-02
1.419419419419419626e+02,6.405702762372628456e+01,6.001900825150284502e-02
1.421421421421421485e+02,7.811653078282463980e+01,1.288130503186036280e-01
1.423423423423423628e+02,9.501858774796745877e+01,3.486953778769765200e-01
1.425425425425425487e+02,1.144942292642796957e+02,1.242065676003954788e+00
1.427427427427427631e+02,1.319010520131990631e+02,5.912077103780967846e+00
1.429429429429429490e+02,1.184316353121893854e+02,3.095318311571624292e+01
1.431431431431431633e+02,4.624333843603945127e+01,8.055245691078572179e+01
1.433433433433433493e+02,9.962091536473451470e+00,8.531030230154780725e+01
1.435435435435435636e+02,2.592156900875151493e+00,6.843991142675827177e+01
1.437437437437437495e+02,9.542406457042014178e-01,5.191490006465893003e+01
1.439439439439439639e+02,4.727074182229162314e-01,3.883718471780510839e+01
1.441441441441441498e+02,2.944518612298064886e-01,2.892307636863466769e+01
1.443443443443443641e+02,2.179327509145607134e-01,2.150123916593451057e+01
1.445445445445445500e+02,1.834624549364630985e-01,1.597122670776239062e+01
1.447447447447447644e+02,1.699763745782371938e-01,1.185942050817409843e+01
1.449449449449449503e+02,1.691050694686298816e-01,8.805310182963980381e+00
1.451451451451451646e+02,1.773736959139523839e-01,6.538093243038605173e+00
1.453453453453453506e+02,1.934936747737302232e-01,4.855538554396892970e+00
1.455455455455455649e+02,2.173165315376292261e-01,3.607063583257772876e+00
1.457457457457457508e+02,2.494041991295055105e-01,2.680723506142632218e+00
1.459459459459459651e+02,2.908561766102570334e-01,1.993376298387310008e+00
1.461461461461461511e+02,3.432574848985369687e-01,1.483308789110748371e+00
1.463463463463463654e+02,4.086923544272839104e-01,1.104731595356347240e+00
1.465465465465465513e+02,4.898008435321976606e-01,8.236793540819862258e-01
1.467467467467467657e+02,5.898696889243849606e-01,6.149620662938112270e-01
1.469469469469469516e+02,7.129556118499412731e-01,4.599002275842983822e-01
1.471471471471471659e+02,8.640432103006812081e-01,3.446433184886966705e-01
1.473473473473473518e+02,1.049242248782843445e+00,2.589219619766755520e-01
1.475475475475475662e+02,1.276031406931468215e+00,1.951222096489573232e-01
1.477477477477477521e+02,1.553557772392796910e+00,1.475989756847096712e-01
1.479479479479479664e+02,1.893003799395928333e+00,1.121669464427980795e-01
1.481481481481481524e+02,2.308036272367287811e+00,8.572316914887617711e-02
1.483483483483483667e+02,2.815355162896643115e+00,6.596731925530267826e-02
1.485485485485485526e+02,3.435364301716152813e+00,5.119444537889540625e-02
1.487487487487487670e+02,4.192990671064772634e+00,4.014150519716138538e-02
1.489489489489489529e+02,5.118685042444392153e+00,3.187386036577555953e-02
1.491491491491491672e+02,6.249643829906821324e+00,2.570153327467998225e-02
1.493493493493493531e+02,7.631300843325699468e+00,2.111779071920836387e-02
1.495495495495495675e+02,9.319147923504647935e+00,1.775467480755633931e-02
1.497497497497497534e+02,1.138095606783194569e+01,1.535189523918486718e-02
1.499499499499499677e+02,1.389948336765378833e+01,1.373712312581377125e-02
1.501501501501501536e+02,1.697577256852595085e+01,1.281772471742167324e-02
1.503503503503503680e+02,2.073315849861746685e+01,1.258732441285293803e-02
1.505505505505505539e+02,2.532211909184271192e+01,1.315766816433973189e-02
1.507507507507507682e+02,3.092609984158739422e+01,1.484391170578736735e-02
1.509509509509509542e+02,3.776837765117998913e+01,1.838081442425256243e-02
1.511511511511511685e+02,4.611976133406053435e+01,2.550108416429130651e-02
1.513513513513513544e+02,5.630591218316600788e+01,4.064436889663780583e-02
1.515515515515515688e+02,6.870901033902734412e+01,7.671360514881608861e-02
1.517517517517517547e+02,8.374003668315174309e+01,1.778181921198698778e-01
1.519519519519519690e+02,1.016582986451807074e+02,5.278347318532367050e-01
1.521521521521521549e+02,1.214683045778078849e+02,2.086770830657244336e+00
1.523523523523523693e+02,1.336908001146649667e+02,1.076313573506249810e+01
1.525525525525525552e+02,9.595391391650701962e+01,4.931109755532951766e+01
1.527527527527527695e+02,2.727640687623684457e+01,8.771045904028244422e+01
1.529529529529529555e+02,5.961133484272822081e+00,7.996039497082267644e+01
1.531531531531531698e+02,1.754098021025111809e+00,6.226471859971132972e+01
1.533533533533533557e+02,7.227062886035339195e-01,4.690493463487386094e+01
1.535535535535535701e+02,3.909750767883404254e-01,3.501483730898873858e+01
1.537537537537537560e+02,2.603023529387590851e-01,2.605535801615396707e+01
1.539539539539539703e+02,2.024894803611438365e-01,1.936255612168410067e+01
1.541541541541541562e+02,1.768991599381359858e-01,1.438032921483589277e+01
1.543543543543543706e+02,1.684745900956736708e-01,1.067748578236764345e+01
1.545545545545545565e+02,1.710764714860586455e-01,7.927792157781262006e+00
1.547547547547547708e+02,1.821882215163405927e-01,5.886823513553759213e+00
1.549549549549549567e+02,2.009989489234587368e-01,4.372275058695922034e+00
1.551551551551551711e+02,2.276420905216115509e-01,3.248492538665683771e+00
1.553553553553553570e+02,2.628808857616972694e-01,2.414668277858226020e+00
1.555555555555555713e+02,3.079878587802000744e-01,1.795949919760599478e+00
1.557557557557557573e+02,3.647199875049902396e-01,1.336786100118869225e+00
1.559559559559559716e+02,4.353491713426174137e-01,9.959636611320240585e-01
1.561561561561561575e+02,5.227314631099843067e-01,7.429139778108206915e-01
1.563563563563563719e+02,6.304093255526238559e-01,5.549673340504200914e-01
1.565565565565565578e+02,7.627467359535761160e-01,4.153136950369792357e-01
1.567567567567567721e+02,9.251003013915591877e-01,3.114889893335555660e-01
1.569569569569569580e+02,1.124032012186332752e+00,2.342519261902213379e-01
1.571571571571571724e+02,1.367571467753804004e+00,1.767508418890823829e-01
1.573573573573573583e+02,1.665537685377995070e+00,1.339058307676757043e-01
1.575575575575575726e+02,2.029933155522276600e+00,1.019506267593024013e-01
1.577577577577577586e+02,2.475425796231742304e+00,7.809300588603396154e-02
1.579579579579579729e+02,3.019938029627925680e+00,6.026310790667099848e-02
1.581581581581581588e+02,3.685366519566211529e+00,4.692699727492417872e-02
1.583583583583583732e+02,4.498461328975432494e+00,3.694865686923950315e-02
1.585585585585585591e+02,5.491899606658319222e+00,2.948798799612264640e-02
1.587587587587587734e+02,6.705596551089383794e+00,2.392566390918597283e-02
1.589589589589589593e+02,8.188305795139015686e+00,1.980820895115381966e-02
1.591591591591591737e+02,9.999572370180157321e+00,1.680856505454284694e-02
1.593593593593593596e+02,1.221211485197766500e+01,1.469914417658791349e-02
1.595595595595595739e+02,1.491472851953835921e+01,1.333601470632679240e-02
1.597597597597597598e+02,1.821581867605389604e+01,1.265523339189923886e-02
1.599599599599599742e+02,2.224768989223477789e+01,1.268656580276978502e-02
1.601601601601601601e+02,2.717172671758609681e+01,1.359946927630256014e-02
1.603603603603603744e+02,3.318458405757276353e+01,1.582127242279923046e-02
1.605605605605605604e+02,4.052539572411282620e+01,2.034030495582652212e-02
1.607607607607607747e+02,4.948358064915946386e+01,2.954223066581700488e-02
1.609609609609609606e+02,6.040519043641197072e+01,4.979009597989962621e-02
1.611611611611611750e+02,7.368894026922875184e+01,1.005857920240763315e-01
1.613613613613613609e+02,8.973031312416482308e+01,2.531382342051928802e-01
1.615615615615615752e+02,1.085832500392558444e+02,8.282857200751936322e-01
1.617617617617617611e+02,1.278187559687526544e+02,3.633195985459431565e+00
1.619619619619619755e+02,1.293038167415911914e+02,1.949115234691602438e+01
1.621621621621621614e+02,6.784558341365055867e+01,6.847611271644855435e+01
1.623623623623623757e+02,1.568488068047099659e+01,8.815466237537170002e+01
1.625625625625625617e+02,3.717540022856510085e+00,7.375176222516235214e+01
1.627627627627627760e+02,1.238343040678445917e+00,5.644798750823006372e+01
1.629629629629629619e+02,5.661536144634853329e-01,4.233514808664240547e+01
1.631631631631631763e+02,3.317797168925463724e-01,3.155669807217430645e+01
1.633633633633633622e+02,2.345803101841335836e-01,2.346803257034935442e+01
1.635635635635635765e+02,1.908563298333298963e-01,1.743517582231935847e+01
1.637637637637637624e+02,1.723986096417151614e-01,1.294738669261153596e+01
1.639639639639639768e+02,1.683138629574777723e-01,9.613201264590530926e+00
1.641641641641641627e+02,1.740917639868041766e-01,7.137744162838788320e+00
1.643643643643643770e+02,1.879523605015128995e-01,5.300519887252655771e+00
1.645645645645645629e+02,2.094733277270004745e-01,3.937234645200512251e+00
1.647647647647647773e+02,2.390329528620171173e-01,2.925703424933582486e+00
1.649649649649649632e+02,2.775816226360070527e-01,2.175157522823088829e+00
1.651651651651651775e+02,3.265621500422592471e-01,1.618212675237819642e+00
1.653653653653653635e+02,3.879074108131715937e-01,1.204866715647826103e+00
1.655655655655655778e+02,4.640856492723523519e-01,8.980268198674487001e-01
1.657657657657657637e+02,5.581816505245318361e-01,6.701822459749691152e-01
1.659659659659659781e+02,6.740103997378541489e-01,5.009319002084435812e-01
1.661661661661661640e+02,8.162643872707282533e-01,3.751484111645200237e-01
1.663663663663663783e+02,9.906986512117449406e-01,2.816155510427126862e-01
1.665665665665665642e+02,1.204359968764304512e+00,2.120173016731799198e-01
1.667667667667667786e+02,1.465868816189969115e+00,1.601880377967507818e-01
1.669669669669669645e+02,1.785765066237699372e+00,1.215565028515201984e-01
1.671671671671671788e+02,2.176931084103286285e+00,9.273357171577484293e-02
1.673673673673673647e+02,2.655109058885257056e+00,7.120669253641065399e-02
1.675675675675675791e+02,3.239533223906360782e+00,5.511346233797374816e-02
1.677677677677677650e+02,3.953702229065238605e+00,4.307393206446384626e-02
1.679679679679679793e+02,4.826322524835942929e+00,3.406652372121942579e-02
1.681681681681681653e+02,5.892460400447471436e+00,2.733640302483242995e-02
1.683683683683683796e+02,7.194948540762968747e+00,2.232811634632757627e-02
1.685685685685685655e+02,8.786102890076950445e+00,1.863657436325788855e-02
1.687687687687687799e+02,1.072981748306334104e+01,1.597228943882792254e-02
1.689689689689689658e+02,1.310411895014453876e+01,1.413840155549054775e-02
1.691691691691691801e+02,1.600427858850390805e+01,1.301888319413894470e-02
1.693693693693693660e+02,1.954659710555063512e+01,1.258007466286624638e-02
1.695695695695695804e+02,2.387299274124373483e+01,1.289328714162244621e-02
1.697697697697697663e+02,2.915652713544886865e+01,1.419950946992156945e-02
1.699699699699699806e+02,3.560796507433713032e+01,1.707332520304789825e-02
1.701701701701701666e+02,4.348328397968074199e+01,2.285190124018675328e-02
1.703703703703703809e+02,5.309136470132243346e+01,3.486159385584339243e-02
1.705705705705705668e+02,6.479842796789597514e+01,6.238142164652112076e-02
1.707707707707707812e+02,7.901416191403593814e+01,1.355370432103177036e-01
1.709709709709709955e+02,9.608503388519180533e+01,3.723492287509149179e-01
1.711711711711711814e+02,1.156540360313513247e+02,1.348998670416398760e+00
1.713713713713713958e+02,1.324809430080288450e+02,6.517247888709149173e+00
1.715715715715715817e+02,1.154118319881844030e+02,3.367235047861299080e+01
1.717717717717717960e+02,4.257186185698463277e+01,8.227674183402652375e+01
1.719719719719719819e+02,9.134154244844784998e+00,8.453863018212409486e+01
1.721721721721721963e+02,2.424005549222778999e+00,6.740776960696713616e+01
1.723723723723723822e+02,9.094893349566202101e-01,5.106207369293112919e+01
1.725725725725725965e+02,4.573619012817188856e-01,3.818371695930827059e+01
1.727727727727727824e+02,2.881559845954635990e-01,2.843213459966439771e+01
1.729729729729729968e+02,2.150985815825501302e-01,2.113490465293981302e+01
1.731731731731731827e+02,1.822301132204663665e-01,1.569865337898832536e+01
1.733733733733733970e+02,1.696336612240300634e-01,1.165688993134011753e+01
1.735735735735735830e+02,1.693569906728522034e-01,8.654932593985565248e+00
1.737737737737737973e+02,1.781009839172247311e-01,6.426483094034397325e+00
1.739739739739739832e+02,1.946627770837398019e-01,4.772718852691900437e+00
1.741741741741741976e+02,2.189432094667631279e-01,3.545613071740093769e+00
1.743743743743743835e+02,2.515384672058370019e-01,2.635128460998716005e+00
1.745745745745745978e+02,2.935767748645190522e-01,1.959543180735726198e+00
1.747747747747747837e+02,3.466712070345935315e-01,1.458199862121601909e+00
1.749749749749749981e+02,4.129362911630963806e-01,1.086093318322482792e+00
1.751751751751751840e+02,4.950467563014337991e-01,8.098403001362819431e-01
1.753753753753753983e+02,5.963302644958142773e-01,6.046827401668368740e-01
1.755755755755755843e+02,7.208926324489330906e-01,4.522615380262497986e-01
1.757757757757757986e+02,8.737778519940018196e-01,3.389637997426960259e-01
1.759759759759759845e+02,1.061167857630434197e+00,2.546963562928064029e-01
1.761761761761761989e+02,1.290629229180742632e+00,1.919759115996400312e-01
1.763763763763763848e+02,1.571416248447602859e+00,1.452542494502855885e-01
1.765765765765765991e+02,1.914842182596768971e+00,1.104178787539960294e-01
1.767767767767767850e+02,2.334733512085027218e+00,8.441710268140718842e-02
1.769769769769769994e+02,2.847985203756992156e+00,6.499109441115182018e-02
1.771771771771771853e+02,3.475239211122313154e+00,5.046420907490086621e-02
1.773773773773773996e+02,4.241713316140707235e+00,3.959516793542775664e-02
1.775775775775775855e+02,5.178213420937264111e+00,3.146552443691318091e-02
1.777777777777777999e+02,6.322369622166822190e+00,2.539739214115881855e-02
1.779779779779779858e+02,7.720145283050411145e+00,2.089313543157500161e-02
1.781781781781782001e+02,9.427678804327515039e+00,1.759175838527899521e-02
1.783783783783783861e+02,1.151353044892329081e+01,1.523849416306880672e-02
1.785785785785786004e+02,1.406142143096830921e+01,1.366573190812368777e-02
1.787787787787787863e+02,1.717356921476076081e+01,1.278548081632976778e-02
1.789789789789790007e+02,2.097474004458736374e+01,1.259701203844479540e-02
1.791791791791791866e+02,2.561715302693727381e+01,1.322076762625932350e-02
1.793793793793794009e+02,3.128636418586966883e+01,1.498840809236529417e-02
1.795795795795795868e+02,3.820818876966197308e+01,1.867119396032255671e-02
1.797797797797798012e+02,4.665642997962063987e+01,2.609391854601277039e-02
1.799799799799799871e+02,5.696008592325574682e+01,4.196155824782517307e-02
1.801801801801802014e+02,6.950429480034719631e+01,8.006380019454815977e-02
1.803803803803803874e+02,8.469902838846272175e+01,1.880397641749718129e-01
1.805805805805806017e+02,1.027790386218269560e+02,5.669850915580170181e-01
1.807807807807807876e+02,1.225747068453044903e+02,2.280502417852181551e+00
1.809809809809810019e+02,1.334868680131760925e+02,1.188141560537234298e+01
1.811811811811811879e+02,9.150241437662016608e+01,5.257850887567443010e+01
1.813813813813814022e+02,2.491783185219297891e+01,8.817542954679561262e+01
1.815815815815815881e+02,5.499603049460376702e+00,7.897329953171130512e+01
1.817817817817818025e+02,1.651862431531341047e+00,6.128113968266933398e+01
1.819819819819819884e+02,6.927405942467536049e-01,4.612406045943335897e+01
1.821821821821822027e+02,3.799283217591606920e-01,3.442226308596634965e+01
1.823823823823823886e+02,2.555687114227532253e-01,2.561157038881552594e+01
1.825825825825826030e+02,2.003437983699726532e-01,1.903182882323176983e+01
1.827827827827827889e+02,1.760306345699310104e-01,1.413439600869955193e+01
1.829829829829830032e+02,1.683630214207823550e-01,1.049480581756790265e+01
1.831831831831831892e+02,1.715047751268404808e-01,7.792176227218952533e+00
1.833833833833834035e+02,1.830736328593885187e-01,5.786178558966700081e+00
1.835835835835835894e+02,2.023279484272439976e-01,4.297595195722156092e+00
1.837837837837838038e+02,2.294436467618810593e-01,3.193082104017285427e+00
1.839839839839839897e+02,2.652155689504253067e-01,2.373554095806817532e+00
1.841841841841842040e+02,3.109443557796132129e-01,1.765440460660242072e+00
1.843843843843843899e+02,3.684156051025972434e-01,1.314142290234819432e+00
1.845845845845846043e+02,4.399328893762340376e-01,9.791536954625117417e-01
1.847847847847847902e+02,5.283889899033653581e-01,7.304309771689604380e-01
1.849849849849850045e+02,6.373700259090174791e-01,5.456938730044743613e-01
1.851851851851851904e+02,7.712925355924981075e-01,4.084212199200915605e-01
1.853853853853854048e+02,9.355768321055042414e-01,3.063631737789436205e-01
1.855855855855855907e+02,1.136862392875562566e+00,2.304372951231670741e-01
1.857857857857858050e+02,1.383273244081428821e+00,1.739097004966431714e-01
1.859859859859859910e+02,1.684743589848886725e+00,1.317878093734427547e-01
1.861861861861862053e+02,2.053416509983538862e+00,1.003701047166551397e-01
1.863863863863863912e+02,2.504131567255749591e+00,7.691237398113889845e-02
1.865865865865866056e+02,3.055020779433371914e+00,5.938036875661306668e-02
1.867867867867867915e+02,3.728236767579722333e+00,4.626658524512730630e-02
1.869869869869870058e+02,4.550842182344302600e+00,3.645464674776429520e-02
1.871871871871871917e+02,5.555895890014758365e+00,2.911907368411938493e-02
1.873873873873874061e+02,6.783779238492865460e+00,2.365148654990834737e-02
1.875875875875875920e+02,8.283815044911662540e+00,1.960668042821616178e-02
1.877877877877878063e+02,1.011624325517867184e+01,1.666399108929705539e-02
1.879879879879879923e+02,1.235463061197261680e+01,1.460100280003469655e-02
1.881881881881882066e+02,1.508880732369850719e+01,1.327839632410034686e-02
1.883883883883883925e+02,1.842844054750696969e+01,1.263707990331591584e-02
1.885885885885886069e+02,2.250737171354449728e+01,1.271321049341561822e-02
1.887887887887887928e+02,2.748885308318796206e+01,1.368697605222934412e-02
1.889889889889890071e+02,3.357179878363124459e+01,1.600721918482540460e-02
1.891891891891891930e+02,4.099804673013925793e+01,2.071221460297641148e-02
1.893893893893894074e+02,5.006016405785676682e+01,3.031954101654084702e-02
1.895895895895895933e+02,6.110755764834530623e+01,5.159165145099860877e-02
1.897897897897898076e+02,7.454123207746005164e+01,1.054456905415357970e-01
1.899899899899899935e+02,9.075146604026942043e+01,2.691243452128480595e-01
1.901901901901902079e+02,1.097423616598505163e+02,8.952344650916361779e-01
1.903903903903903938e+02,1.287412273125977151e+02,3.992837846263037171e+00
1.905905905905906081e+02,1.277432408035762279e+02,2.142529964675351550e+01
1.907907907907907941e+02,6.328487998118642111e+01,7.124959940071897790e+01
1.909909909909910084e+02,1.432615449491784787e+01,8.777062690703071723e+01
1.911911911911911943e+02,3.454198062336889752e+00,7.270381513397964568e+01
1.913913913913914087e+02,1.173910451026124679e+00,5.553070383914994324e+01
1.915915915915915946e+02,5.455068483529671441e-01,4.162361683237734411e+01
1.917917917917918089e+02,3.236772513875649238e-01,3.102015812381263160e+01
1.919919919919919948e+02,2.309949689466376521e-01,2.306711240172750266e+01
1.921921921921922092e+02,1.892504047138668377e-01,1.713668167972635459e+01
1.923923923923923951e+02,1.718343220041956554e-01,1.272552617999566671e+01
1.925925925925926094e+02,1.684087202670674910e-01,9.448443342966534431e+00
1.927927927927927954e+02,1.746874465264159071e-01,7.015449584163484076e+00
1.929929929929930097e+02,1.889951412415021570e-01,5.209767613989376045e+00
1.931931931931931956e+02,2.109666440011804811e-01,3.869897275663748637e+00
1.933933933933934100e+02,2.410177486530940827e-01,2.875740863355116694e+00
1.935935935935935959e+02,2.801286593946633596e-01,2.138084632421853204e+00
1.937937937937938102e+02,3.297701804487319088e-01,1.590700727926558589e+00
1.939939939939939961e+02,3.919046834724697059e-01,1.184446099473524416e+00
1.941941941941942105e+02,4.690337165614161252e-01,8.828657532641576156e-01
1.943943943943943964e+02,5.642810898782715245e-01,6.589222634820517399e-01
1.945945945945946107e+02,6.815084330600342799e-01,4.925656673746879877e-01
1.947947947947947966e+02,8.254645559816188305e-01,3.689290231513072116e-01
1.949949949949950110e+02,1.001972860890447459e+00,2.769892259197044293e-01
1.951951951951951969e+02,1.218163344563897299e+00,2.085734564197683771e-01
1.953953953953954112e+02,1.482757939323763985e+00,1.576222618717040003e-01
1.955955955955955972e+02,1.806420308527278529e+00,1.196431049318529560e-01
1.957957957957958115e+02,2.202183927067275171e+00,9.130522883384770139e-02
1.959959959959959974e+02,2.685975486813616975e+00,7.013936699478359738e-02
1.961961961961962118e+02,3.277254524945493852e+00,5.431522812167863257e-02
1.963963963963963977e+02,3.999794835208630328e+00,4.247670257149156053e-02
1.965965965965966120e+02,4.882638880469994724e+00,3.361993636391907847e-02
1.967967967967967979e+02,5.961263286757449542e+00,2.700331163337549301e-02
1.969969969969970123e+02,7.279001810745598711e+00,2.208129130391481287e-02
1.971971971971971982e+02,8.888782200769810515e+00,1.845632773193503148e-02
1.973973973973974125e+02,1.085524536358848202e+01,1.584483272467485451e-02
1.975975975975975985e+02,1.325732945316286404e+01,1.405485193531236417e-02
1.977977977977978128e+02,1.619141773381112870e+01,1.297495036209659475e-02
1.979979979979979987e+02,1.977516632475476754e+01,1.257668062119720112e-02
1.981981981981982130e+02,2.415214325488572555e+01,1.293886755378526217e-02
1.983983983983983990e+02,2.949741254833546122e+01,1.431597132365846660e-02
1.985985985985986133e+02,3.602415455447447812e+01,1.731115159159432246e-02
1.987987987987987992e+02,4.399121847266945196e+01,2.333101554059111363e-02
1.989989989989990136e+02,5.371076375939871639e+01,3.589404753573088164e-02
1.991991991991991995e+02,6.555225197856050556e+01,6.489252097257382224e-02
1.993993993993994138e+02,7.992633565379982485e+01,1.427635155202631179e-01
1.995995995995995997e+02,9.716644688855942036e+01,3.981201145450076195e-01
1.997997997997998141e+02,1.168165769937924239e+02,1.467270915962661348e+00
2.000000000000000000e+02,1.329675234949389733e+02,7.191456660373576781e+00
